metric,value
total_view_changes_all_nodes,0
view_changes_node00,0
view_changes_node01,0
view_changes_node02,0
view_changes_node03,0
view_changes_node04,0
view_changes_node05,0
view_changes_node06,0
view_changes_node07,0
view_changes_node08,0
view_changes_node09,0
view_changes_node10,0
view_changes_node11,0
view_changes_node12,0
view_changes_node13,0
view_changes_node14,0
blocks_analyzed,473
blocks_exceeding_2x_block_period,219
avg_block_gap_s,3.639830508474576
max_block_gap_s,27
