tx_index,sender,rpc_node,tx_hash,nonce,submit_ts,confirm_ts,latency_s,block_number,gas_used,status,error
0,0xf1Eb755875b804c7E75d4170DbA3AcA794D9B7B4,node00,32336581a965f73276f2fad50a9b19b9a2ddc09528e25bf9d514e35014d12266,8,1791372653.6621928,1791372668.3551114,14.692918539047241,135,241970,confirmed,
1,0x8B31Ff027858Ca665d631e07E02Da87A0cC233ad,node01,5afbb47a29cfc6c4451eff0e5b1eab7e4a67f02f6de323a76a946bffece46ec3,6,1791372653.6782017,1791372670.5685527,16.890351057052612,136,241970,confirmed,
2,0x8BeE82BC3768e51841B91D3406190CE57ddF41b7,node02,0d11ba2a5035ace93390d08e556ffcd62b9f02c92807c76532d742501bee610c,6,1791372653.6811523,1791372672.4308302,18.749677896499634,137,241970,confirmed,
3,0xfeF871a1c3A42c03d73De2998a3d7c08b6840c33,node03,5a176d392dc7be2647dbcb61a8276729cf2da0375cb43f1275349b0416c0435f,6,1791372653.6847296,1791372674.3340192,20.64928960800171,138,241970,confirmed,
4,0xb48a5AF7dB711339ed38301e873b1AbA43D119Be,node04,32a3d684042985e6fadc158402117488ed82221f17662fc7a5ee973503d630ed,6,1791372653.6957953,1791372676.3373733,22.64157795906067,139,241970,confirmed,
5,0xF03386476cc98A2f5c63EfA2C1C0AE285a2c22C6,node05,728cb20be2716d53b96bbe305c89a0d239845d13918c7b0d752eeda419ef025f,6,1791372653.6976147,1791372678.4942918,24.796677112579346,140,241970,confirmed,
6,0x2aAFc6dB0ec7d2176948b9306bD9669Aa498477E,node06,64796f0949a0dd677b8551de5fb0152d6cf6e29cdf064f3e34d9b037587cd2ea,6,1791372653.7012465,1791372680.4352694,26.734022855758667,141,241970,confirmed,
7,0xFc73cbd9eBC787B0F258BC1129552C57f88E1645,node07,8979dc9d38658d316edd17be2cd250de9365df4adb0ebda7534db5b3a26ded44,6,1791372653.7099175,1791372682.482416,28.77249836921692,142,241970,confirmed,
8,0xBA342c1496a0a348Fc842203F7e9D334F21c862E,node08,6681d9eb898f1ef7facafa94174c63caf84dfd52333b2083ece6db127dbfbb74,3,1791372653.710947,1791372654.4867244,0.7757773399353027,128,241970,confirmed,
9,0x86e0967dF634A87947a7409E2DCE3eE9D22d99C0,node09,0642ebb49e5e59e1f3c904df6b151bfeeb4427332b36731974b7db533822b91e,3,1791372653.7162542,1791372656.696042,2.979787826538086,129,241970,confirmed,
10,0x6DEE5360E700748f5B1492CcfDe142C58D9806BB,node10,210c02613d9321c5e065aef6f8c1bd893a6e36226a533f98c947625e6f01a544,3,1791372653.7306573,1791372658.728725,4.998067617416382,130,241970,confirmed,
11,0x2BAf86983af980F083BC56b220ED57755f690c43,node11,fea965873d2cfd4340669b5ec5f6567ab17ba4d118f186558ec2f775d63dab10,3,1791372653.7329721,1791372660.5288026,6.795830488204956,131,241970,confirmed,
12,0x817a9275093157eB7e8399238aF2bcb4dC875f97,node12,dafc56c776f1fc864fa92c1b5b1c09f83f0e26006f9dc726716fbf800adcaf6b,3,1791372653.737185,1791372662.5052316,8.768046617507935,132,241970,confirmed,
13,0xce13c6034D28f17fad8EAAfAdE596EBB5B60e9E9,node13,b582f0be18ba68a6e894089337e925677da35af8183a0af97ca43bd63573e8fa,3,1791372653.744013,1791372664.7199807,10.975967645645142,133,241970,confirmed,
14,0xDCCD52c9dFA048912b5e42a62D606cE151845FcA,node14,fb5794f6e947982777141960cdb4ce864896d93993f5a3b5d6b276f5006be305,3,1791372653.747343,1791372666.5635693,12.816226243972778,134,241970,confirmed,
15,0x421494937974d14FAB79c65569ab81DF93c9C223,node00,10903e3fcf12fd07b937bd1ab295f9a3905a5bfae21b8f95d9ded02fbb22cf58,3,1791372653.7493305,1791372668.6501207,14.900790214538574,135,241970,confirmed,
16,0x51E93c4a734c7aF108CF134b68e84Bba23452220,node01,894dad9b1daffcd3958f80c9aaaf4a80cabf36b9c6dd1df09e5a6151685f2006,3,1791372653.75284,1791372670.6316476,16.878807544708252,136,241970,confirmed,
17,0xc3aCA613Ec8b2FE810db581AD33cE2e202c3DA3e,node02,6d408bc917be6ab5008337ac6320918ba325bb1364e0d4ca5fdc9c0c0257b814,3,1791372653.758109,1791372672.4717557,18.71364665031433,137,241970,confirmed,
18,0x510384f93b63Ea95fDFe035B6935e621BCE7aD88,node03,cc6adedc15a132a90cb1923fbb5cee2c8613574d7313b9bc29174f46e226b370,3,1791372653.760678,1791372674.3542945,20.593616485595703,138,241970,confirmed,
19,0xE499F366EAe048c7628e8Dd471D7629050DdFA8E,node04,641e4b583196afcb92d747484d365f7200e2ce2a988e0a5416ed4f3cda9cb0b2,3,1791372653.7637715,1791372676.355409,22.59163737297058,139,241970,confirmed,
20,0xcffDBF7d22Ca079fa0e6CC44c58B7cBe497C91Cd,node05,a8b4f1a022589b93ab6b5c38b9c18bed898d571e7943fadfbcc319f285145adc,3,1791372653.7736163,1791372678.483074,24.709457635879517,140,241970,confirmed,
21,0x195dE68D71Ff2293431eF5f603c7a68Ed599d1ac,node06,1fae92241238eb336ef1856a9cd8050569ac3c950cddf68722e3722d97416cef,3,1791372653.774717,1791372680.438425,26.663707971572876,141,241970,confirmed,
22,0x5B70f3584453f6634E44e06034550e00A600FCDE,node07,ae4a6d3a9008b9fbdaccf2aea4663bf4f58087f388fa95c1ec943490a1b0928f,3,1791372653.777512,1791372682.491845,28.714332818984985,142,241970,confirmed,
23,0x5855555d67A8c94d635d8Aa33513c28009389345,node08,fbf71cc3c9fbd362813681af641c49a37c324276c7e807a753f2e64872df5e4b,3,1791372653.7852423,1791372654.582555,0.7973127365112305,128,241970,confirmed,
24,0xA4Cf4853212aEF32Bed8F0f01aE5e4194aE9b282,node09,515872c9c27a16e5196f106719d4cff77e9aa1c010b801e643a823e77409201f,3,1791372653.7859313,1791372656.7873974,3.0014660358428955,129,241970,confirmed,
25,0xB3655004A3e2E4A18357e82f3087a58d67658416,node10,fb47617c72d61b0ff5fccbebd438764de650040e621292ff1c7e4a291586e58b,3,1791372653.788877,1791372658.8592405,5.070363521575928,130,241970,confirmed,
26,0x8257e66fbB8c677220dD4c32bdfDC4df0c7C1278,node11,3c8e573991cdf1e137e6f625c20580d12afd3e435b3fe9c69a18977ea93505e6,3,1791372653.7915452,1791372660.7776964,6.986151218414307,131,241970,confirmed,
27,0xcD5367b7D13e7B7616392c36da69ebaDc2C339D8,node12,742225b911d286df2f1adee91eb367d58a69598328bba75161cafb7a6d6702a5,3,1791372653.7921815,1791372662.5410316,8.748850107192993,132,241970,confirmed,
28,0xdcc8136BbF7C328574A6eA93F5530321B52429BE,node13,790a412eabe6adff5382d90fd75db883c64a6c1462575edcaca7f7901256c565,3,1791372653.796661,1791372664.8806791,11.084018230438232,133,241970,confirmed,
29,0x1FcFEaA20dbeDBC1484A0Eeecf3f4905B351B1Ed,node14,a64fce21e927be7a3bc242ece9a881b33b29f998f10573e5f2da6b2eed845042,3,1791372653.8071077,1791372666.7867854,12.979677677154541,134,241970,confirmed,
30,0x67a903DE0a2696a6bC78BA82837F6E60681FcCF3,node00,ece6ef0d5aa7f3ca7939f8c0d65d66fc7bbae090c165bdc07760c54c617a8a8f,3,1791372653.809963,1791372668.5111725,14.701209545135498,135,241970,confirmed,
31,0x681E94cd1C766746Cf6F022573E569E9663413Ce,node01,05443254fbe6a932d917939c31769d5da49a6119939eac9b5dbf0ff4cf5dbbb7,3,1791372653.8113756,1791372670.764433,16.953057289123535,136,241970,confirmed,
32,0x35d4678290B0EbdA916f495Ff58dAdadBfE88d7d,node02,37f2b233014dfb8dfb883844fb9f7e0de141916a0d89fde8beeaafce0eeea0bb,3,1791372653.8135939,1791372672.4873974,18.673803567886353,137,241970,confirmed,
33,0xF79BbEa8a7ffBB8419A0E3Dc17425c82ecc68499,node03,2f11f69fbd125dcaf0c536bb2cd2259b08bf6228052174b7cb910324bf4a4b58,3,1791372653.8179262,1791372674.3723814,20.554455280303955,138,241970,confirmed,
34,0x187dc4858b3D9636d75D677b6eF49F123Ec58B9C,node04,1c82e0122fb7561758746f68498f0ef9863c2e8d48844ae169f0e7c80a34badc,3,1791372653.8236125,1791372676.3696184,22.546005964279175,139,241970,confirmed,
35,0x13008E31398Fc6963AE3C180c8795cE36d91dd5D,node05,9c4b251c4ebff86a39ac90378bce605beb146bf1e0e0ac9596e963979178514d,3,1791372653.8252788,1791372678.4699097,24.644630908966064,140,241970,confirmed,
36,0x288C061F873B2A7095edF3772a1FbF733F0B0e5F,node06,8af8bc98d77a263692fb312cd22951fac47fc509177ae097e42d94b84d0cf0de,3,1791372653.8282347,1791372680.4517891,26.623554468154907,141,241970,confirmed,
37,0x4918e6a7bf3A75FBF7b3c4354092b9664BA3c14b,node07,472c5ec149034dd66095440db0846f5e87c202f1d9ffcdebb7061ea169b667f2,3,1791372653.8354073,1791372682.489904,28.654496669769287,142,241970,confirmed,
38,0x8429A7D14b0e71884A282CF85dC1277140972450,node08,f8a2ec1c319484a623eb0f37c3ff7054a31c2c88c0713dff59f6e2cd1f012bc8,3,1791372653.8371463,1791372654.7485754,0.9114291667938232,128,241970,confirmed,
39,0xf50A1E50c3ca64Be5B5e6dcCbC082408DC2F7d46,node09,d95a4639246fc2148d52e3344e28e4c05e7e1fc1956461a0739aae91e908a50d,3,1791372653.8533409,1791372656.9851713,3.1318304538726807,129,241970,confirmed,
40,0x32c5cf6cEB1699035aBDeF689D4474BDf7aFD61a,node10,a371fbfcbb1d0baf70e0c67140081af43fc2f1b1d93489c72d465b7c3bec4e0b,3,1791372653.856298,1791372658.8291574,4.9728593826293945,130,241970,confirmed,
41,0x514f53396605dca723c6a1Fa0A1b79092cE43d9a,node11,8924f829485a5e75745d230e807e4498e433350eba5a60e288adaabb72be153b,3,1791372653.860391,1791372660.7519672,6.891576290130615,131,241970,confirmed,
42,0x36657223dC3679A2619C4555a324245a9068FE84,node12,3a4393f91bc0ba5c8125c451592a350e582d9dcd4e3d3a8942c4e1796e8fd490,3,1791372653.8622139,1791372662.575933,8.713719129562378,132,241970,confirmed,
43,0x4e7fAb7647637057fE563386d0a8f9553e97cA58,node13,0faea3b86914311163c8087086abd0f6a3f8d18ed2ba800dfec083b8754476cf,3,1791372653.8641386,1791372664.3309639,10.466825246810913,133,241970,confirmed,
44,0x0b05Bd0127928f2265D4D8F2238aD22CB7b6E9AD,node14,d1fe3c014b823410c96c753a428641030cc67726479bcde7de0a6002b0ee734d,3,1791372653.8668935,1791372666.7408612,12.87396764755249,134,241970,confirmed,
45,0x1627684564e62484782C55b6785C9Be9c0Bade3C,node00,6c1eae707c4e7d47eb0e21ab0b5a363c554b8f460ebf68ee4902454d8273500e,3,1791372653.867669,1791372668.6141746,14.746505498886108,135,241970,confirmed,
46,0xEaF4d117513bC334a11DA2321337479ef04c1Fc5,node01,bbdacadb3fba6374bd6e1c4e56241f68d3dde99ecc263a758523ae3d61053252,3,1791372653.8706524,1791372670.2364235,16.365771055221558,136,241970,confirmed,
47,0xFEBaDf0aA2327027B83cF276f7C21Dc89b8Dc1b9,node02,5eb95406f665d31da52e378c0af54e9ceac1d332909064837004f053a8c20219,3,1791372653.8837452,1791372672.626331,18.74258589744568,137,241970,confirmed,
48,0x46Fd28BAa55394bd59E2e759829dDefc5eFD0c56,node03,dca54da1cd08733754a7b6aaa2a0d1061985e8e665fd78511604fd4be91daa45,3,1791372653.8885453,1791372674.3738077,20.485262393951416,138,241970,confirmed,
49,0xe72053bA5baa21A9Beda7BcCEd54a744C1eFb82D,node04,c2882415f1ac627f1fd8b38bc12e27988d1abb9df4ef16672b52b88c412003c6,3,1791372653.8913212,1791372676.3659163,22.474595069885254,139,241970,confirmed,
50,0x0FB2dbFBBF247EF94dfB4297AA063f5316d68152,node05,26939cb30aef2c8882e93b5e7675bae57a9ae326770f75e891b03adcee34608d,3,1791372653.8930151,1791372678.4958131,24.602797985076904,140,241970,confirmed,
51,0x6360D334A31563E8f4E3cABD8dD11f0E78B211a6,node06,f672dd086005fd88c128f729c7edf372f2ef79f10118e91fb74eba73f9f54348,3,1791372653.898547,1791372680.449561,26.551014184951782,141,241970,confirmed,
52,0x35f6F590366E4709aAA4F436D4E655dF0BfBF30C,node07,68de9ff1a45268eb7a97f6bf7f92178b441ff2e186d2caa02fe8a6cfcba3ef26,3,1791372653.901711,1791372682.4945233,28.592812299728394,142,241970,confirmed,
53,0xE67FA5412E2405e251572cFb9787daC2Af88F0ab,node08,9514112c1221a4023c842c0104ddc7c437f4b0894c5e40a90826a2c785b60632,3,1791372653.9047701,1791372654.7008164,0.796046257019043,128,241970,confirmed,
54,0xe8c02cd38914B1906bC04aB6160CF7B8fECe6F2A,node09,144da8a7dd49b79e2515cab2d37a385ad2fd7c4581ee90b700d2de79b74b385b,3,1791372653.9075158,1791372656.939345,3.0318291187286377,129,241970,confirmed,
55,0xc1D2C20AE24680e017C47DDcAc46936804395fab,node10,b5cb506a75a5a8b6893f070415ff1c2e956b213ecc5ffac040a8c80ac0dd96dd,3,1791372653.9098701,1791372658.8909585,4.981088399887085,130,241970,confirmed,
56,0x77c32eBC0Cd87384eA362A62d0604D15c059d1A6,node11,7f83059be50c2351e660d5a011d68f07a268eddbb78637859537dc77fc6de411,3,1791372653.9109259,1791372660.8159432,6.905017375946045,131,241970,confirmed,
57,0x07B99614da7AC6dada0F0f186D0250676EDb5b18,node12,f8dff3c6d6400614bf2915e0d4f02e1aca27c946682334da9b16112db2433170,3,1791372653.911646,1791372662.7413197,8.829673767089844,132,241970,confirmed,
58,0x50a442a38eD9DEcd42407D888bEbF45087a9B5FF,node13,24dedc8e2de50e06c759b20391c88ebaffcaf0c5674bc51f21f6fc295b21a748,3,1791372653.9136167,1791372664.3390079,10.42539119720459,133,241970,confirmed,
59,0x0Bb3705b4394dbFA865F4834062cdB7223CE4389,node14,0f76146401ea2688e35180d626f1c780527ec379042d69b38e8bdf579b8fa10f,3,1791372653.9205258,1791372666.7952228,12.874696969985962,134,241970,confirmed,
60,0xF75EDe57db00E311C843274F9f0E715086842b01,node00,572820d4423f7e88f03ffd49e0c5e2092f0339d989aa01ee5b4333d6123e6351,3,1791372653.923821,1791372668.6856422,14.761821269989014,135,241970,confirmed,
61,0x274f32035BeB96Ffc760aa09D1b251423Cd8FdCF,node01,398a3df94b069c393181ac234a7e7bc08246f859b1c676b0afda61a99ebdddd1,3,1791372653.9269335,1791372670.2437987,16.31686520576477,136,241970,confirmed,
62,0x83ef45962232BD32Bc9e1F2fBaDB18D80F16595b,node02,84e1b42f61be82980400fef779f2a47c3e1633da13f2b632f1d832757726df5f,3,1791372653.9279282,1791372672.5917327,18.663804531097412,137,241970,confirmed,
63,0x73Ed51228993a47776b64Ea3302280fd38C3c8C8,node03,479c367fba4fa68626b232573576f8291ff5f7b176c2847711135c1f3b935fb8,3,1791372653.9295933,1791372674.379033,20.449439764022827,138,241970,confirmed,
