dimension,point,profile,mode,nproofs_per_vmno,num_vmnos,runs,tx_per_run,total_tx,confirmed,success_rate_pct,missed,failed,reverted,timeout,other,mean_latency_p50_s,mean_latency_p99_s,mean_recorded_aggregate_latency_s,mean_confirm_throughput_tx_s,mean_pipeline_latency_s,mean_gas_savings_pct,offchain_sources,aggregate_proof_bytes_measured
vmno,8,baseline,aggregate,8,8,5,8,40,40,100.000000,0,0,0,0,0,,,14.093126,,14.165526,92.063334,reference_fallback,False
vmno,8,baseline,individual,8,8,5,64,320,320,100.000000,0,0,0,0,0,15.610005,29.404142,,2.291876,27.955494,92.063334,reference_fallback,False
vmno,16,baseline,aggregate,8,16,5,16,80,57,71.250000,23,11,0,12,0,,,9.864671,,5.991203,92.063417,reference_fallback,False
vmno,16,baseline,individual,8,16,5,128,640,567,88.593750,73,39,0,34,0,16.446008,29.979099,,3.977749,28.524116,92.063417,reference_fallback,False
vmno,32,baseline,aggregate,8,32,5,32,160,160,100.000000,0,0,0,0,0,,,15.604691,,15.677091,92.063541,reference_fallback,False
vmno,32,baseline,individual,8,32,5,256,1280,1280,100.000000,0,0,0,0,0,16.115636,30.082816,,9.119610,28.102541,92.063541,reference_fallback,False
vmno,64,baseline,aggregate,8,64,5,64,320,320,100.000000,0,0,0,0,0,,,13.298654,,13.371054,92.063541,reference_fallback,False
vmno,64,baseline,individual,8,64,5,512,2560,2560,100.000000,0,0,0,0,0,16.777400,30.531991,,17.623584,29.092658,92.063541,reference_fallback,False
vmno,128,baseline,aggregate,8,128,5,128,640,640,100.000000,0,0,0,0,0,,,18.050073,,18.122473,92.063500,reference_fallback,False
vmno,128,baseline,individual,8,128,5,1024,5120,5120,100.000000,0,0,0,0,0,17.136145,30.565930,,34.680802,29.559192,92.063500,reference_fallback,False
vmno,256,baseline,aggregate,8,256,5,256,1280,1280,100.000000,0,0,0,0,0,,,13.653644,,13.726044,92.063500,reference_fallback,False
vmno,256,baseline,individual,8,256,5,2048,10240,10240,100.000000,0,0,0,0,0,19.357924,31.865377,,68.967699,29.726136,92.063500,reference_fallback,False
vmno,512,baseline,aggregate,8,512,5,512,2560,2560,100.000000,0,0,0,0,0,,,16.892544,,16.964944,92.063582,reference_fallback,False
vmno,512,baseline,individual,8,512,5,4096,20480,20480,100.000000,0,0,0,0,0,33.979045,55.527554,,78.330409,52.323310,92.063582,reference_fallback,False
vmno,1024,baseline,aggregate,8,1024,5,1024,5120,5120,100.000000,0,0,0,0,0,,,15.190707,,15.263107,92.063582,reference_fallback,False
vmno,1024,baseline,individual,8,1024,5,8192,40960,40960,100.000000,0,0,0,0,0,60.067393,112.397700,,83.381433,98.282115,92.063582,reference_fallback,False
vmno,2048,baseline,aggregate,8,2048,5,2048,10240,10240,100.000000,0,0,0,0,0,,,15.054556,,15.126956,92.063582,reference_fallback,False
vmno,2048,baseline,individual,8,2048,5,16384,81920,58562,71.486816,23358,0,0,23358,0,97.009673,152.388381,,87.493486,133.904531,92.063582,reference_fallback,False
vmno,8,wan,aggregate,8,8,5,8,40,40,100.000000,0,0,0,0,0,,,13.901538,,13.973938,92.063458,reference_fallback,False
vmno,8,wan,individual,8,8,5,64,320,311,97.187500,9,6,0,3,0,15.378281,29.358205,,2.222884,28.010311,92.063458,reference_fallback,False
vmno,16,wan,aggregate,8,16,5,16,80,80,100.000000,0,0,0,0,0,,,12.738045,,12.810445,92.063396,reference_fallback,False
vmno,16,wan,individual,8,16,5,128,640,640,100.000000,0,0,0,0,0,15.346517,29.603974,,4.396979,29.164287,92.063396,reference_fallback,False
vmno,32,wan,aggregate,8,32,5,32,160,160,100.000000,0,0,0,0,0,,,17.477556,,17.549956,92.063500,reference_fallback,False
vmno,32,wan,individual,8,32,5,256,1280,1280,100.000000,0,0,0,0,0,16.236447,30.159376,,9.091327,28.190386,92.063500,reference_fallback,False
vmno,64,wan,aggregate,8,64,5,64,320,320,100.000000,0,0,0,0,0,,,16.117654,,16.190054,92.063582,reference_fallback,False
vmno,64,wan,individual,8,64,5,512,2560,2560,100.000000,0,0,0,0,0,16.601872,30.709979,,17.852843,28.717708,92.063582,reference_fallback,False
vmno,128,wan,aggregate,8,128,5,128,640,640,100.000000,0,0,0,0,0,,,16.334358,,16.406758,92.063500,reference_fallback,False
vmno,128,wan,individual,8,128,5,1024,5120,5120,100.000000,0,0,0,0,0,17.558757,30.974501,,34.105090,30.057808,92.063500,reference_fallback,False
vmno,256,wan,aggregate,8,256,5,256,1280,1280,100.000000,0,0,0,0,0,,,17.639628,,17.712028,92.063582,reference_fallback,False
vmno,256,wan,individual,8,256,5,2048,10240,10240,100.000000,0,0,0,0,0,21.169409,35.466948,,60.806324,33.719613,92.063582,reference_fallback,False
vmno,512,wan,aggregate,8,512,5,512,2560,2560,100.000000,0,0,0,0,0,,,15.242826,,15.315226,92.063582,reference_fallback,False
vmno,512,wan,individual,8,512,5,4096,20480,20480,100.000000,0,0,0,0,0,35.108139,60.045435,,71.719210,57.142160,92.063582,reference_fallback,False
vmno,1024,wan,aggregate,8,1024,5,1024,5120,5120,100.000000,0,0,0,0,0,,,17.680182,,17.752582,92.063582,reference_fallback,False
vmno,1024,wan,individual,8,1024,5,8192,40960,40960,100.000000,0,0,0,0,0,63.222284,122.064466,,76.001219,107.820929,92.063582,reference_fallback,False
vmno,2048,wan,aggregate,8,2048,5,2048,10240,10240,100.000000,0,0,0,0,0,,,19.035211,,19.107611,92.063582,reference_fallback,False
vmno,2048,wan,individual,8,2048,5,16384,81920,52524,64.116211,29396,0,0,29396,0,101.822054,146.545201,,81.954177,128.188772,92.063582,reference_fallback,False
vmno,8,heterogeneous,aggregate,8,8,5,8,40,40,100.000000,0,0,0,0,0,,,13.657744,,13.730144,92.063665,reference_fallback,False
vmno,8,heterogeneous,individual,8,8,5,64,320,320,100.000000,0,0,0,0,0,15.474956,29.431984,,2.277706,28.128970,92.063665,reference_fallback,False
vmno,16,heterogeneous,aggregate,8,16,5,16,80,80,100.000000,0,0,0,0,0,,,11.459144,,11.531544,92.063396,reference_fallback,False
vmno,16,heterogeneous,individual,8,16,5,128,640,640,100.000000,0,0,0,0,0,16.296784,30.551559,,4.445509,28.861389,92.063396,reference_fallback,False
vmno,32,heterogeneous,aggregate,8,32,5,32,160,160,100.000000,0,0,0,0,0,,,17.347628,,17.420028,92.063417,reference_fallback,False
vmno,32,heterogeneous,individual,8,32,5,256,1280,1280,100.000000,0,0,0,0,0,16.034125,30.107836,,9.002827,28.471701,92.063417,reference_fallback,False
vmno,64,heterogeneous,aggregate,8,64,5,64,320,320,100.000000,0,0,0,0,0,,,14.298951,,14.371351,92.063541,reference_fallback,False
vmno,64,heterogeneous,individual,8,64,5,512,2560,2560,100.000000,0,0,0,0,0,16.570735,30.747960,,17.811816,28.820654,92.063541,reference_fallback,False
vmno,128,heterogeneous,aggregate,8,128,5,128,640,640,100.000000,0,0,0,0,0,,,15.452346,,15.524746,92.063541,reference_fallback,False
vmno,128,heterogeneous,individual,8,128,5,1024,5120,5120,100.000000,0,0,0,0,0,18.462126,31.751979,,33.520768,30.645708,92.063541,reference_fallback,False
vmno,256,heterogeneous,aggregate,8,256,5,256,1280,1280,100.000000,0,0,0,0,0,,,18.885827,,18.958227,92.063582,reference_fallback,False
vmno,256,heterogeneous,individual,8,256,5,2048,10240,10240,100.000000,0,0,0,0,0,24.747748,39.370358,,55.330418,37.248845,92.063582,reference_fallback,False
vmno,512,heterogeneous,aggregate,8,512,5,512,2560,2560,100.000000,0,0,0,0,0,,,9.821924,,9.894324,92.063582,reference_fallback,False
vmno,512,heterogeneous,individual,8,512,5,4096,20480,20480,100.000000,0,0,0,0,0,38.636107,64.472896,,67.780980,60.524140,92.063582,reference_fallback,False
vmno,1024,heterogeneous,aggregate,8,1024,5,1024,5120,5120,100.000000,0,0,0,0,0,,,12.619986,,12.692386,92.063582,reference_fallback,False
vmno,1024,heterogeneous,individual,8,1024,5,8192,40960,40960,100.000000,0,0,0,0,0,68.105077,130.263036,,71.476049,114.669087,92.063582,reference_fallback,False
vmno,2048,heterogeneous,aggregate,8,2048,5,2048,10240,10240,100.000000,0,0,0,0,0,,,22.389916,,22.462316,92.064202,reference_fallback,False
vmno,2048,heterogeneous,individual,8,2048,5,16384,81920,49058,59.885254,32862,0,0,32862,0,94.289991,147.536720,,76.518032,128.233495,92.064202,reference_fallback,False
